label;url
пружина;https://obrabotkametalla.com/wp-content/uploads/2020/09/molle_a_trazione_05.jpg
пружина;https://i.pinimg.com/736x/2c/e9/8c/2ce98cc5a79ea48e8fc4a9813fa0f6c6.jpg
пружина;https://st8.stblizko.ru/images/product/290/690/436_large.jpg
пружина;https://dtmto.ru/wp-content/uploads/9/7/a/97ab5cf6a9cc832c9029ccb1ee972dd4.png
пружина;https://st44.stpulscen.ru/images/product/236/498/792_big.jpg
пружина;https://www.birota.ru/upload/iblock/59f/spring.jpeg
пружина;https://chertegnik.ru/uploads/posts/2016-03/1459101109_pruzhina-szhatiya.jpg
пружина;https://ae04.alicdn.com/kf/HTB1eLCxUpzqK1RjSZFvq6AB7VXaT/OEM-2.jpg
пружина;https://sc01.alicdn.com/kf/Ubc0e24fb41604e3ab0f87cfa77c58612U/975306927/Ubc0e24fb41604e3ab0f87cfa77c58612U.jpg
пружина;https://навелосипеде.рф/images/detailed/81/-000170157_p_l.jpg
пружина;https://sc01.alicdn.com/kf/HTB1dv0SPXXXXXaBXXXXq6xXFXXXT/200675874/HTB1dv0SPXXXXXaBXXXXq6xXFXXXT.jpg
пружина;https://tyrepharm.ru/upload/iblock/249/2490a2f91c227f4550f8d866c9173ac4.png
пружина;https://flacks.ru/wp-content/uploads/2019/10/33537_large.jpg
пружина;http://lkka-springs.com/wp-content/uploads/2015/09/DSC_0313.jpg
пружина;https://363-5005.рф/wp-content/uploads/2021/07/Pruzhina-szhatiya.png
пружина;https://www.hennlich.ru/fileadmin/_migrated/tx_commerce/federntechnik_startseite_1_04.png
пружина;https://kopterfly.ru/image/cache/catalog/image/cache/catalog/8039/97db3119a9b59e7826d0abf2132ad003-720x720.webp
пружина;https://kzmc.kz/media/uploads/images/HTB1O27HX21H3KVjSZFHq6zKppXaj.jpg
пружина;https://ae01.alicdn.com/kf/HLB1xKGpXODxK1Rjy1zcq6yGeXXaE/Hei-er-Verkauf-Compression-Fr-hling-Fr-hling-Metall-Helical-35x16x9mm-Blau.jpg
пружина;https://www.illeon.ru/upload/iblock/74a/GARDENA%205379.jpg
пружина;https://st39.stpulscen.ru/images/localized/010/766/649_original.jpg
пружина;https://img2.freepng.ru/20180403/fae/kisspng-car-coil-spring-coilover-shock-absorber-shock-5ac33cc2a32155.1626173215227445146682.jpg
пружина;https://www.hennlich.ru/fileadmin/user_upload/KATEGORIEN/Federn_NurOrdner/Zugfedern/Bilder/De_zugfeder_.png
пружина;https://alai-oli.com/wp-content/uploads/2021/12/png-transparent-helical-spring-mechanical-spring-spring-coil-helical-helix-flexible-manufacturing.png
пружина;https://d.allegroimg.com/original/03df66/8adfa3a84413a6b598aaf13b729d/Fiat-Seicento-SPREZYNY-OBNIZAJACE-70-50-MTS-Rybnik
бампер;https://a.d-cd.net/70c1a1ds-1920.jpg
бампер;https://cdn.izap24.ru/images/prodacts/sourse/124565/124565368_bamper-perednyaya-peredniy-suzuki-liana-restayling-04-07-fl.jpg
бампер;https://a.d-cd.net/rIAAAgAVJuA-1920.jpg
бампер;https://f.nodacdn.net/291545
бампер;https://autoparts.net.ua/upload/iblock/dda/d8d950ee94816f4314ae36fa46b6ddec.jpg
бампер;https://d1udfgtrdnzm0y.cloudfront.net/media/catalog/product/cache/1/image/1875x1250/9df78eab33525d08d6e5fb8d27136e95/3/d/3d_design_m4_front_18137_1024x683.jpg
бампер;https://a.d-cd.net/voAAAgDcguA-1920.jpg
бампер;https://www.styling-parts.ru/published/publicdata/STYLING/attachments/SC/products_pictures/Stosstange_VW_Golf3_FKSSTVW011001_enl.jpg
бампер;https://cdn.izap24.ru/images/prodacts/sourse/121222/121222151_bamper-perednyaya-peredniy-mazda-3-bk-3-hetchbek-5d-03-06.jpg
бампер;https://cdn.izap24.ru/images/prodacts/sourse/62339/62339840_bamper-peredniy-peredniy-suzuki-svift-mk6-6-vi-2005-2008.jpg
бампер;https://cdn.izap24.ru/images/prodacts/sourse/137496/137496479_mazda-3-mps-2006-2008-bamper-perednyaya-peredniy-reshetka.jpg
бампер;https://detalcar.ru/upload/iblock/eb1/eb1276d749c2e427d038fb6ba3a7c815.jpg
бампер;https://avtoshark.com/wp-content/uploads/2021/01/bamper-avtomobilnyj.jpg
бампер;https://raduga-avto.com/image/cache/catalog/38138_4723969b65ec031eb936c8d3c5bfd641-1200x800.png
бампер;https://cdn.izap24.ru/images/prodacts/sourse/65982/65982888_bamper-perednyaya-suzuki-liana-sport-04-07.jpg
бампер;https://sc04.alicdn.com/kf/UTB8h1VnP8ahduJk43Jaq6zM8FXa9.jpg
бампер;https://pokraska96.ru/images/folder2/pon3646421.jpg
бампер;http://vw-golfclub.ru/forum/imagehosting/2021/02/10/61196602440a302728.jpg
бампер;https://stancebazztards.ru/image/catalog/jom/5111288JOM.jpg
бампер;https://avatars.mds.yandex.net/get-mpic/4553373/img_id5747133604565854644.jpeg/orig
бампер;https://www.datocms-assets.com/27230/1605540268-bumper-to-bumper.jpg
бампер;https://avtoshark.com/wp-content/uploads/2021/01/bamper-avtomobilnyj-.jpg
бампер;https://www.zr.ru/d/story/0d/922893/00000001.jpg
бампер;https://cdn1.ozone.ru/s3/multimedia-j/6381607543.jpg
бампер;https://tdz-market.ru/upload/iblock/943/943832171b5ecfcdd62d98493da4349d.jpg
